File	rekognition_tags	msft_captions	msft_colors	msft_categories	msft_tags	ibm_colors	ibm_tags	google_logo_tags	google_colors	google_tags	cloudsight_captions	clarifai_tags	
editions_du_septentrion_9782894489369.jpg	Human(0.99), People(0.99), Person(0.99), Brochure(0.97), Flyer(0.97), Paper(0.97), Poster(0.97), Magazine(0.80), Logo(0.63), Trademark(0.63), Sign(0.54), Alphabet(0.51), Ampersand(0.51), Text(0.51)	a person holding a sign(0.73)	A1702A(accentColor), Black(dominantColorBackground), Black(dominantColorForeground), Black(dominant)	others_(0.00), text_sign(0.41)	person, text, man, photo, woman, cellphone, sign, phone, holding, wearing, standing, talking, hat, people, street, swinging, player	marron(0.67)	magazine(0.82), presse écrite(0.80), couleur marron(0.67), magazine spécialisé(0.59), magazine de luxe(0.57), magazine d'actualités(0.55), personne(0.55), annonceur(0.54), journal(0.51), moyen(0.51), tabloïd(0.50)	Jeff de Bruges(0.17)	#44839e(0.14), #fd10(0.08), #22354a(0.05), #4f2d19(0.02), #be9815(0.02), #ecf2f2(0.01), #9d7917(0.00), #5c9abb(0.12), #5499c1(0.11), #3584ac(0.05)	advertising(0.80), poster(0.70), conversation(0.53)	Faire Aimer L'Histoire book	man(0.94), business(0.94), people(0.93), indoors(0.89), education(0.88), adult(0.84), accomplishment(0.83), achievement(0.83), horizontal(0.82), banking(0.78), security(0.78), text(0.78), offense(0.75), intelligence(0.73), industry(0.73), woman(0.72), outdoors(0.71), election(0.70), administration(0.69), conceptual(0.68)	
editions_du_septentrion_9782896647224.jpg	Brochure(0.96), Flyer(0.96), Paper(0.96), Poster(0.96), Label(0.85), Text(0.85)	a close up of a logo(0.88)	A3282D(accentColor), White(dominantColorBackground), White(dominantColorForeground), White(dominant)	others_(0.36), outdoor_(0.01)		azur(0.76), bleu d'outremer(0.68)	tissu(0.91), écusson(0.83), couleur azur(0.76), drapeau(0.75), pavillon(0.75), couleur bleu d'outremer(0.68), insigne(0.65), filtre à café(0.50), filtre(0.50)	President of the United States(0.88)	#f5f5f7(0.23), #957844(0.11), #16112d(0.06), #575269(0.02), #a13140(0.00), #67a45a(0.00), #c3c5cb(0.06), #ea20(0.05), #8c7658(0.04), #aa915a(0.04)	text(0.86), poster(0.82), font(0.68), graphic design(0.63), advertising(0.60), brand(0.57), recreation(0.53), label(0.52)	black and white printed textile	illustration(0.98), symbol(0.97), vector(0.97), flag(0.95), banner(0.93), image(0.93), design(0.93), desktop(0.92), sign(0.90), patriotism(0.90), label(0.89), bill(0.87), retro(0.86), emblem(0.85), status badge(0.84), united(0.83), graphic(0.83), country(0.81), freedom(0.81), thread(0.80)	
editions_du_septentrion_9782896648238.jpg	Art(0.83), Painting(0.83), Brochure(0.62), Flyer(0.62), Paper(0.62), Poster(0.62), Text(0.51)	a close up of a book(0.67)	06515A(accentColor), White(dominantColorBackground), White(dominantColorForeground), White(dominant)	others_(0.00), text_(0.40), text_sign(0.34)	text, book, photo, sign, old	verdâtre(0.90), vert jade(0.83)	couleur verdâtre(0.90), couverture de livre(0.87), papier cadeau(0.87), couleur vert jade(0.83), presse écrite(0.80), livre(0.67)	Royal Caribbean Cruises Ltd.(0.25), Laurier(0.21), Montreux Equity Partners(0.21)	#a19e83(0.22), #6a7c57(0.20), #e8ede7(0.02), #4d5f3c(0.11), #7b7658(0.08), #5c553a(0.08), #929a8d(0.06), #8f9e7a(0.05), #747f77(0.03), #beba9b(0.03)	text(0.90), advertising(0.73), water resources(0.72), water(0.72), font(0.65), picture frame(0.55)	Voyages aus Ameriques book	vintage(0.99), retro(0.99), paper(0.99), old(0.99), postcard(0.98), antique(0.97), card(0.97), print(0.97), art(0.96), post(0.95), letter(0.95), ancient(0.95), historic(0.94), painting(0.93), text(0.93), stamp(0.93), illustration(0.93), message(0.93), picture frame(0.92), document(0.92)	
editions_du_septentrion_9782896649341.jpg	Human(0.98), Person(0.98), People(0.98), Art(0.91), Painting(0.91), Brochure(0.87), Flyer(0.87), Paper(0.87), Poster(0.87), Blackboard(0.64), Banner(0.53), Text(0.53)	a sign on a brick building(0.66)	0B4766(accentColor), White(dominantColorBackground), White(dominantColorForeground), White(dominant)	text_(0.39), text_sign(0.45)	building, rock, sitting, brick, photo, stone, black, woman, man, old, sign, cake, table, people, bird, standing, red	bleu(0.84), bleu d'outremer(0.79)	couleur bleu(0.84), couleur bleu d'outremer(0.79), panneau de signalisation(0.63), fenêtre(0.60), structure(0.60), structure de soutien(0.60), vitrine(0.60), presse écrite(0.60), sac en plastique(0.52), sac(0.52), livre(0.50)	#1e5777(0.23), #417c9c(0.09), #e9eae6(0.01), #946f59(0.00), #1a5d84(0.21), #83e5c(0.13), #205f7d(0.08), #67a1c0(0.05), #3f7596(0.05), #317097(0.04)	text(0.91), poster(0.85), advertising(0.74), font(0.73), water(0.73), sky(0.71)	1789-1804 Les Francais by Marcel Fournier	people(0.98), vertical(0.96), adult(0.96), outdoors(0.96), illustration(0.95), horizontal(0.94), battle(0.91), side view(0.91), text(0.90), man(0.89), bill(0.83), woman(0.82), horizontal plane(0.82), war(0.81), travel(0.81), business(0.76), danger(0.76), city(0.76), indoors(0.74), religion(0.72)	
editions_hurtubise_9782891446518.jpg	Brochure(0.98), Flyer(0.98), Paper(0.98), Poster(0.98)	a close up of a box(0.38)	027DC2(accentColor), Blue(dominantColorBackground), White(dominantColorForeground), Blue(dominant)	abstract_nonphoto(0.36), others_(0.02), outdoor_(0.00)	box, room	jaune citron(0.54), bleu vert(0.51)	périphérique de stockage(0.96), CD-ROM(0.90), enregistrement(0.80), forme ronde(0.80), disque(0.69), cercle(0.69), vidéodisque, DVD(0.55), couleur jaune citron(0.54), couleur bleu vert(0.51), CD-R(0.50)	#1179b5(0.09), #e3c6a4(0.09), #9f6d35(0.07), #d75029(0.02), #bbc95d(0.01), #1c3b55(0.01), #f5767e(0.01), #1d5a72(0.01), #b1d23c(0.00), #121210(0.00)	cartoon(0.95), text(0.93), human behavior(0.84), male(0.80), comics(0.77), fiction(0.76), child(0.75), poster(0.71), illustration(0.68), area(0.67)	Ben Entreprend Le Velo book	illustration(0.99), sketch(0.99), vector(0.98), child(0.97), vectors(0.95), fun(0.94), cute(0.94), humor(0.94), graphic design(0.94), cheerful(0.93), funny(0.92), man(0.91), people(0.89), happiness(0.87), adult(0.86), no person(0.85), vertical(0.80), character(0.79), animal(0.79), woman(0.77)	
editions_hurtubise_9782891448093.jpg	Bandage(0.96), First Aid(0.96), Brochure(0.92), Flyer(0.92), Paper(0.92), Poster(0.92), Label(0.51), Text(0.51)		B71422(accentColor), Yellow(dominantColorBackground), White(dominantColorForeground), White(dominant)	others_(0.03), text_sign(0.18)	box, sign, room	rose(0.90), jaune citron(0.81)	couleur rose(0.90), périphérique de stockage(0.82), couleur jaune citron(0.81), enregistrement(0.80), presse écrite(0.80), CD-ROM(0.70), boite de céréales(0.62), boîte(0.62), CD-R(0.61), magazine(0.59), blister(0.56), bande dessinée(0.50)	#e81f24(0.22), #efc195(0.05), #4a3ae(0.04), #aa2221(0.03), #8fc84c(0.02), #7a4a20(0.02), #f59dbc(0.02), #f178a5(0.01), #f6a622(0.01), #df387b(0.00)	cartoon(0.94), facial expression(0.94), text(0.93), flower(0.83), emotion(0.82), clip art(0.81), play(0.78), art(0.75), smile(0.75), child(0.74)	white and pink Hello Kitty print smartphone case	illustration(0.98), vector(0.97), design(0.94), card(0.93), graphic(0.92), sketch(0.91), fun(0.91), desktop(0.90), cute(0.89), bill(0.89), no person(0.88), banner(0.88), paper(0.88), retro(0.86), child(0.86), art(0.86), greeting(0.85), image(0.84), symbol(0.84), summer(0.84)	
editions_hurtubise_9782896474127.jpg	Human(0.99), People(0.99), Person(0.99), Brochure(0.86), Flyer(0.86), Paper(0.86), Poster(0.86), Brick(0.64), Clothing(0.51), Coat(0.51), Overcoat(0.51), Graffiti(0.51), Bumper(0.51), Transportation(0.51), Vehicle(0.51)	a person standing in front of a brick building(0.72)	833B2D(accentColor), White(dominantColorBackground), White(dominantColorForeground), White(dominant), Grey(dominant)	others_(0.06), outdoor_(0.01), text_sign(0.11)	building, outdoor, snow, brick, man, sitting, front, red, old, sign, truck, bear, fire, street, standing, riding, parked, stuffed, skiing, bed, hydrant	marron(0.66), sanguine (rouge)(0.52)	couleur marron(0.66), magazine(0.66), véhicule(0.65), véhicule sur roues(0.63), magazine d'actualités(0.62), presse écrite(0.60), sac de sable(0.53), sac(0.53), chasse-neige(0.53), couleur sanguine (rouge)(0.52), véhicule à chenilles(0.51), dameuse tucker Sno-cat(0.51), personne(0.50), milicien(0.50), recrue militaire(0.50)	#8f3425(0.16), #36322c(0.13), #774636(0.03), #b89c60(0.03), #f0e9e6(0.02), #1e1915(0.12), #9c2f25(0.08), #56514c(0.05), #3b341f(0.04), #7b736f(0.03)	motor vehicle(0.98), poster(0.90), car(0.86), vehicle(0.80), advertising(0.71), snow(0.57), font(0.52)	error_timeout	winter(0.94), people(0.94), transportation system(0.90), man(0.90), outdoors(0.89), snow(0.87), adult(0.87), car(0.84), woman(0.83), horizontal plane(0.82), vehicle(0.82), no person(0.81), horizontal(0.76), travel(0.73), military(0.73), street(0.72), old(0.71), business(0.71), retro(0.71), vintage(0.70)	
editions_hurtubise_9782896475551.jpg	Brochure(0.77), Flyer(0.77), Paper(0.77), Poster(0.77), Business Card(0.59), Text(0.59), File Binder(0.55), File Folder(0.55), Envelope(0.52), Greeting Card(0.52), Mail(0.52)	a close up of a piece of paper(0.54)	BA4E11(accentColor), White(dominantColorBackground), White(dominantColorForeground), White(dominant)	others_(0.16), text_sign(0.20)		rouge orangé(0.89), rouge d'alizarine(0.75)	couleur rouge orangé(0.89), couleur rouge d'alizarine(0.75), couverture de protection(0.72), classeur, chemise(0.64), bloc-notes (carnet)(0.56), livre à demi-reliure(0.53), classeur à anneaux(0.50)	Clip art(0.20)	#e43c21(0.66), #f0eff5(0.05), #c01d23(0.02), #f666d(0.02), #c6927d(0.01), #ea836c(0.01), #f4b482(0.01), #db4724(0.09), #ce262b(0.02), #b32524(0.01)	text(0.86), advertising(0.61), font(0.58)	Decouvrir advertisement	no person(0.96), paper(0.95), business(0.94), illustration(0.93), template(0.85), achievement(0.85), progress(0.85), sign(0.85), computer graphic(0.84), graphic design(0.82), internet(0.82), booklet(0.82), facts(0.82), creativity(0.80), text(0.78), data(0.78), stripe(0.76), show(0.74), symbol(0.74), shape(0.74)	
editions_hurtubise_9782896476619.jpg	Conifer(0.79), Flora(0.79), Plant(0.79), Tree(0.79), Yew(0.79), Building(0.71), House(0.71), Housing(0.71), Villa(0.71), Architecture(0.71), Church(0.71), Worship(0.71), Art(0.70), Painting(0.70), Cafe(0.63), Restaurant(0.63), Hotel(0.60), Inn(0.60), Cathedral(0.60), Spire(0.57), Steeple(0.57), Tower(0.57), Mansion(0.52), Urban(0.52), City(0.52), Town(0.52), Neighborhood(0.51), Pine(0.51), Monastery(0.51), Apartment Building(0.51), High Rise(0.51), Office Building(0.51), Arch(0.51), Arched(0.51), Road(0.51)	a sign in front of a building(0.95)	446688(accentColor), Grey(dominantColorBackground), Grey(dominantColorForeground), Grey(dominant), Black(dominant)	others_(0.00), outdoor_(0.01), text_sign(0.41)	outdoor, building, photo, sign, front, old, large, standing, people, woman, different, walking, man, clock, street, brick, city, road	bâtiment(0.56), hôtel(0.56), motel(0.54), hôtel (bâtiment)(0.50)	#161812(0.25), #f2ebe6(0.09), #32332f(0.13), #53544f(0.11), #74736e(0.06), #2e301e(0.06), #2a381e(0.05), #1d20f(0.04), #9c9b96(0.04), #c5c3bd(0.03)	town(0.84), house(0.74), neighbourhood(0.73), advertising(0.70), home(0.70), real estate(0.65), building(0.65), facade(0.64), tree(0.51), font(0.51)	Les Folles Annees by Jea-Pierree Charland book	outdoors(0.99), architecture(0.99), horizontal plane(0.96), city(0.96), street(0.95), travel(0.94), vertical(0.93), old(0.90), sky(0.89), square(0.87), house(0.86), facade(0.84), no person(0.84), tourism(0.82), town(0.80), window(0.80), tree(0.80), fair weather(0.78), pavement(0.77), people(0.74)	
editions_hurtubise_9782896477302.jpg	Brochure(0.77), Flyer(0.77), Paper(0.77), Poster(0.77), Label(0.51), Text(0.51)	a close up of a book(0.39)	038FAD(accentColor), Teal(dominantColorBackground), Teal(dominantColorForeground), Teal(dominant)	others_(0.10), text_sign(0.12)	book, text	bleu(0.81)	couleur bleu(0.81), personne(0.60), écouteur téléphonique(0.56), livre(0.55), chapeau(0.51), coiffe(0.51), source de lumière(0.50), veilleuse(0.50)	#89fad(0.22), #1064af(0.10), #b49968(0.08), #318597(0.05), #9dc4bc(0.05), #305d59(0.03), #dae7e7(0.02), #f1516(0.01), #b25e53(0.00), #f6ab5(0.04)	text(0.92), poster(0.80), human behavior(0.78), illustration(0.77), font(0.68), art(0.66), graphic design(0.64), book(0.57), fiction(0.57)	The Legend of Zelda Nintendo Wii game case	illustration(0.98), woman(0.96), man(0.94), people(0.94), art(0.94), adult(0.91), retro(0.91), sketch(0.88), no person(0.82), indoors(0.81), desktop(0.80), girl(0.79), vector(0.79), creativity(0.79), design(0.77), painting(0.77), face(0.76), young(0.76), paper(0.74), fashion(0.73)	
editions_hurtubise_9782896477913.jpg	Art(0.78), Painting(0.78), Poster(0.68)	a close up of a book(0.32)	0A4CA0(accentColor), Blue(dominantColorBackground), Blue(dominantColorForeground), Blue(dominant)	others_(0.01), outdoor_(0.00)	text, book, sitting, table, small, blue, holding, laying, sign	bleu(0.99)	couleur bleu(0.99), noix de cajou(0.75), noix(0.75), graine(0.75), fruit(0.75), aliment(0.59), prénatal(0.56), personne(0.56), éponge(0.50), invertébré(0.50), animal(0.50)	Auberge Chaneac(0.18)	#7798b7(0.11), #d5c3a0(0.09), #194c9b(0.03), #6583a2(0.11), #5a7db0(0.09), #af5f1e(0.00), #dcc28a(0.08), #f1dfbc(0.06), #7197cb(0.04), #aa9e7d(0.04)	text(0.95), organism(0.83), angel(0.66), font(0.65), fictional character(0.64), jaw(0.57), supernatural creature(0.55), mythical creature(0.53)	blue reading book	fish(0.99), underwater(0.98), nature(0.98), illustration(0.96), aquarium(0.95), sea(0.94), aquatic(0.93), shellfish(0.92), water(0.91), art(0.91), animal(0.90), old(0.87), marine(0.86), horizontal(0.85), goldfish(0.85), no person(0.84), desktop(0.84), tropical(0.83), biology(0.83), vertical(0.78)	
editions_hurtubise_9782896479450.jpg	Poster(0.76), Paper(0.63), Art(0.60), Ornament(0.60), Tapestry(0.60), Brochure(0.56), Flyer(0.56), Collage(0.56), Airmail(0.52), Envelope(0.52), Mail(0.52)	a close up of a book(0.30)	997032(accentColor), Grey(dominantColorBackground), Grey(dominantColorForeground)	abstract_nonphoto(0.31), others_(0.00)	text, book	brun clair(0.94)	couleur brun clair(0.94), couverture de livre(0.86), papier cadeau(0.86), document écrit(0.84), papier (timbres/devises)(0.84), presse écrite(0.79), mémorial(0.50)	#b2997c(0.22), #1f1612(0.04), #582136(0.01), #d2bb9b(0.13), #8b755b(0.12), #635240(0.09), #40301f(0.07), #b6937e(0.05), #64534d(0.04), #3b2e27(0.03)	text(0.93), poster(0.80), advertising(0.66), illustration(0.66), human behavior(0.65), font(0.64), art(0.60), history(0.52), costume design(0.50)	Philisophies en 30 Secondes book	illustration(0.99), print(0.98), card(0.97), vintage(0.97), people(0.97), lithograph(0.96), art(0.96), paper(0.96), text(0.96), retro(0.96), bill(0.95), old(0.95), man(0.95), wear(0.94), adult(0.94), woman(0.92), book bindings(0.92), cavalry(0.92), manuscript(0.91), document(0.90)	
editions_hurtubise_9782897231330.jpg	Label(0.54), Text(0.54), Brochure(0.51), Flyer(0.51), Paper(0.51), Poster(0.51)	a close up of text on a black background(0.75)	BB2E10(accentColor), White(dominantColorBackground), White(dominantColorForeground), White(dominant)	others_(0.05)	text	sanguine (rouge)(0.78), brun rouge(0.65)	couleur sanguine (rouge)(0.78), papier (timbres/devises)(0.75), document écrit(0.75), couleur brun rouge(0.65), cellule(0.54), appareil dentaire(0.53), appareil orthodontique (dentaire)(0.52), veine(0.50), personne(0.50)	#f26f66(0.36), #e78379(0.15), #f07774(0.10), #1377(0.00), #d45047(0.06), #ea7d6e(0.06), #fa9f95(0.05), #b96055(0.04), #f3baae(0.03), #e84542(0.03)	text(0.95), mammal(0.92), font(0.78), love(0.76), organism(0.73), organ(0.71), illustration(0.69), art(0.66), snout(0.65), drawing(0.61)	brown and black cat print textile	disjunct(0.95), illustration(0.94), no person(0.94), desktop(0.93), love(0.92), symbol(0.92), health(0.90), isolated(0.87), romance(0.86), heart(0.84), human(0.84), shape(0.82), color(0.80), broken(0.80), image(0.80), nature(0.79), art(0.78), identity(0.75), closeup(0.75), design(0.75)	
editions_hurtubise_9782897233082.jpg	Carriage(0.98), Transportation(0.98), Vehicle(0.98), Horse Cart(0.94), Wagon(0.94), Art(0.87), Painting(0.87), Antique Car(0.59), Automobile(0.59), Car(0.59), Model T(0.59), Bicycle(0.54), Bike(0.54), Army(0.53), Human(0.53), Military(0.53), Military Uniform(0.53), People(0.53), Person(0.53), Soldier(0.53), Team(0.53), Troop(0.53), Poster(0.52)	a person riding a horse drawn carriage in front of a building(0.97)	326399(accentColor), Grey(dominantColorBackground), Grey(dominantColorForeground), Grey(dominant)	outdoor_(0.04)	horse, outdoor, building, road, carriage, drawn, street, container, riding, transport, pulling, front, cart, brown, small, town, man, pulled, people, city, sign, driving, standing	jaune pâle(0.86), brun clair(0.70)	véhicule hippomobile(0.88), véhicule sur roues(0.88), véhicule(0.88), couleur jaune pâle(0.86), cheval(0.80), presse écrite(0.78), chariot(0.74), couleur brun clair(0.70), buggy(0.50)	#594f50(0.10), #abc1dc(0.07), #9f9a99(0.06), #5f4f38(0.08), #88735b(0.08), #3e3534(0.07), #443622(0.06), #8da3c1(0.05), #7b7578(0.05), #c0c5c9(0.05)	horse like mammal(0.88), horse(0.88), carriage(0.83), poster(0.75), horse harness(0.74), pack animal(0.71), horse and buggy(0.68), chariot(0.62), advertising(0.59), cart(0.59)	Michel Langlois book	outdoors(0.97), horizontal plane(0.93), transportation system(0.89), people(0.87), woman(0.82), architecture(0.81), street(0.81), cloud(0.80), travel(0.77), tree(0.77), man(0.76), text(0.75), cavalry(0.74), adult(0.73), vertical(0.72), nature(0.72), city(0.72), cart(0.71), horizontal(0.71), summer(0.68)	
editions_hurtubise_9782897234737.jpg	Human(0.99), Person(0.99), People(0.99), Poster(0.88), Brochure(0.63), Flyer(0.63), Paper(0.63), Face(0.51), Portrait(0.51), Female(0.51)	a statue of a person(0.81)	346E97(accentColor), White(dominantColorBackground), White(dominantColorForeground), White(dominant), Black(dominant)	others_(0.01), outdoor_(0.01), people_group(0.25)	text, man, woman, photo, sitting, standing, old, people, holding, water, posing, green, large, statue, plane, display, boat, sign	marron(0.80)	panneau d'affichage(0.97), presse écrite(0.80), couleur marron(0.80), personne(0.78)	#8aa695(0.15), #aec7df(0.12), #e0edec(0.06), #2d384a(0.03), #8bac91(0.11), #abc5b6(0.07), #d5eedd(0.06), #9fc0a5(0.06), #899fbb(0.05), #bac5c7(0.04)	film(0.87), poster(0.78), pc game(0.65), fiction(0.58), advertising(0.56)	Jean-Pierre Charland book	people(0.99), adult(0.97), illustration(0.96), transportation system(0.94), woman(0.94), man(0.94), horizontal(0.93), text(0.90), outdoors(0.89), vertical(0.85), business(0.85), horizontal plane(0.79), indoors(0.78), car(0.73), education(0.72), teamwork(0.70), populace(0.70), cloud(0.70), motion(0.69), side view(0.67)	
editions_hurtubise_9782897235796.jpg	Poster(0.90), Brochure(0.89), Flyer(0.89), Paper(0.89)	a close up of a book(0.29)	A26F29(accentColor), White(dominantColorBackground), White(dominantColorForeground), White(dominant)	others_(0.00), outdoor_(0.00)	text, book	rose(1.00)	couleur rose(1.00), magazine(0.95), presse écrite(0.80), magazine de luxe(0.65), annonceur(0.58), personne(0.58), magazine d'actualités(0.50)	#f6b6a0(0.10), #5cc9f6(0.07), #d56eaf(0.05), #66408c(0.04), #edc540(0.02), #faf2d0(0.02), #b4d61(0.02), #4d2b17(0.01), #45ac99(0.01), #397b4c(0.00)	cartoon(0.88), motor vehicle(0.82), advertising(0.81), poster(0.78), automotive design(0.76), fiction(0.67), illustration(0.67), comics(0.67), graphics(0.56), graphic design(0.54)	Juliette text overlay	illustration(0.97), car(0.97), transportation system(0.91), people(0.91), vector(0.91), desktop(0.90), business(0.88), design(0.87), sketch(0.85), adult(0.85), sale(0.84), cloud(0.82), modern(0.81), graphic(0.80), fun(0.78), outdoors(0.77), travel(0.77), text(0.77), drive(0.76), image(0.76)	
editions_hurtubise_9782897237721.jpg	Human(0.99), People(0.99), Person(0.99), Art(0.57), Brochure(0.56), Flyer(0.56), Paper(0.56), Poster(0.56), Accessories(0.51)		AEA31D(accentColor), Teal(dominantColorBackground), Green(dominantColorForeground), Black(dominant), Teal(dominant), Green(dominant)	abstract_rect(0.38), others_(0.02)	text, book, green, sitting, computer, man	jaune citron(0.82), verdâtre(0.62)	couleur jaune citron(0.82), source de lumière(0.67), magazine(0.64), veilleuse(0.64), couleur verdâtre(0.62), presse écrite(0.60), prénatal(0.56), personne(0.56), magazine pulp(0.56), bande dessinée(0.50)	#f5ec5d(0.13), #c8eac4(0.05), #9f241e(0.04), #48b8b1(0.04), #ce4923(0.03), #2d6339(0.02), #b4993b(0.02), #e88526(0.01), #a96b1c(0.01), #6c1d1d(0.01)	vertebrate(0.90), text(0.86), fiction(0.72), organism(0.72), illustration(0.67), poster(0.66), graphic design(0.64), fictional character(0.63), art(0.60), graphics(0.56)	Le Tresor De Zofia by Mireille Villeneuve poster	illustration(0.92), desktop(0.88), art(0.87), color(0.85), nature(0.83), woman(0.83), people(0.81), no person(0.81), Halloween(0.78), underwater(0.77), graphic(0.77), image(0.76), design(0.76), retro(0.74), symbol(0.72), conceptual(0.71), bright(0.71), man(0.71), child(0.71), abstract(0.69)	
editions_hurtubise_9782897239480.jpg	Human(0.99), Person(0.99), People(0.99), Face(0.72), Portrait(0.72), Art(0.58), Painting(0.58), Female(0.55), Leisure Activities(0.53), Clothing(0.52), Long Sleeve(0.52), Sleeve(0.52), Head(0.51)	a person wearing a red hat(0.70)	A02C2B(accentColor), White(dominantColorBackground), White(dominantColorForeground), White(dominant)	others_(0.01), people_(0.70)	person, outdoor, building, sitting, red, woman, man, table, holding, front, wearing, people, bench, boy, hat, old, standing, young, shirt, phone, riding, white, street, sign	rouge d'alizarine(0.93)	couleur rouge d'alizarine(0.93), personne(0.61), chapeau(0.56), coiffe(0.56), livreur(0.52), gens(0.52), Mountie (GRC/soldat Canadien)(0.50), bandeau pour les yeux(0.50)	#1e344e(0.18), #dedada(0.15), #9e2427(0.08), #365371(0.09), #cfc5c2(0.08), #ac9e98(0.04), #972830(0.04), #872f31(0.03), #6f1d22(0.03), #557494(0.02)	poster(0.83), interaction(0.71), romance(0.70), friendship(0.69), love(0.60)	Sarah Zweig by Jacques Allard book	woman(0.98), outdoors(0.96), man(0.95), people(0.94), winter(0.93), child(0.88), wear(0.87), love(0.87), togetherness(0.87), leisure(0.84), recreation(0.84), travel(0.83), adult(0.81), snow(0.81), fun(0.80), enjoyment(0.78), indoors(0.77), romance(0.77), looking(0.76), adolescent(0.76)	
editions_hurtubise_9782897811259.jpg	Brochure(0.98), Flyer(0.98), Paper(0.98), Poster(0.98), Art(0.69), Modern Art(0.69), Graphic Design(0.57), Sign(0.51), Text(0.51)	a black and red text(0.43)	C1B70A(accentColor), Red(dominantColorBackground), Red(dominantColorForeground), Red(dominant), Yellow(dominant), Black(dominant)	others_(0.01)	text, book, photo, black, sitting, girl, woman, red, holding, hydrant, sign	rouge foncé(0.87), marron(0.85)	couleur rouge foncé(0.87), couleur marron(0.85), magazine(0.74), bande dessinée(0.73), étoile(0.71), figure(0.71), presse écrite(0.60), bombe(0.57), engin explosif(0.57), boule puante(0.52), dessin(0.50)	#f5f022(0.23), #caa(0.13), #cac92c(0.04), #f1eeeb(0.03), #e11d27(0.03), #7e7f14(0.03), #594f12(0.02), #ae1c28(0.01), #641419(0.01), #17c2b(0.01)	poster(0.96), text(0.92), art(0.91), graphic design(0.85), font(0.80), advertising(0.79), illustration(0.71), album cover(0.63), graphics(0.61), visual arts(0.54)	black and red The Beatles print textile	illustration(0.97), dirty(0.97), bill(0.96), banner(0.95), vector(0.94), graffiti(0.94), sign(0.94), desktop(0.93), text(0.93), art(0.93), retro(0.92), symbol(0.91), creativity(0.90), design(0.90), danger(0.88), splash(0.87), no person(0.86), artistic(0.83), untidy(0.83), spray(0.83)	
editions_multimondes_9782895449591.jpg	Brochure(0.95), Flyer(0.95), Paper(0.95), Poster(0.95), Collage(0.93), Apparel(0.73), Clothing(0.73), Shop(0.62), Bazaar(0.53), Market(0.53), Photo Booth(0.51)	a screenshot of a cell phone(0.87)	AE1D2B(accentColor), White(dominantColorBackground), White(dominantColorForeground), White(dominant)	others_(0.01)		gris(0.60), vert sauge(0.51)	magazine(0.71), presse écrite(0.60), couleur gris(0.60), habillement(0.59), journal(0.57), moyen(0.57), magazine d'actualités(0.56), couleur vert sauge(0.51), gazette(0.50)	#d57f8d(0.11), #f3ebe7(0.08), #631619(0.04), #13d12(0.03), #a21a28(0.02), #bb6573(0.07), #b25d64(0.05), #c7c1bb(0.05), #a49d97(0.04), #a59c8a(0.03)	text(0.87), product(0.81), product(0.63), font(0.62), advertising(0.54), brand(0.54)	Entre Monts et Merveilles ad	bill(0.95), stock(0.94), shopping(0.93), business(0.90), people(0.90), shop(0.84), man(0.83), sale(0.83), banner(0.81), woman(0.80), market(0.76), mall(0.73), flag(0.73), bargain(0.71), option(0.70), merchandise(0.69), street(0.69), desktop(0.67), designing(0.66), image(0.65)	
editions_multimondes_9782897730543.jpg	Glacier(0.98), Ice(0.98), Mountain(0.98), Nature(0.98), Outdoors(0.98), Snow(0.98), Iceberg(0.91), Arctic(0.78), Winter(0.78), Boat(0.51), Dinghy(0.51), Transportation(0.51), Vessel(0.51), Watercraft(0.51), Leisure Activities(0.51)	a group of people riding skis on a snowy mountain(0.48)	B12A1A(accentColor), White(dominantColorBackground), White(dominantColorForeground)	others_(0.01), outdoor_(0.02), sky_cloud(0.30)	outdoor, water, mountain, snow, hill, man, riding, red, people, surfing, large, skiing, boat, air, wave, flying, group, field, blue, slope, standing, ocean	azur(0.89), bleu(0.85)	nature(0.92), masse de glace(0.90), couleur azur(0.89), couleur bleu(0.85), animal(0.80), bateau(0.79), sport(0.79), glacier(0.73), glacier polaire(0.73), banquise flottante(0.73), plan d'eau gelé(0.50), laitue iceberg(0.50)	#85a4c2(0.73), #a2bedc(0.08), #5e7e9b(0.07), #b5c1cd(0.06), #482738(0.00), #d9e5ef(0.03), #98a6b1(0.01), #465b72(0.01), #527ca5(0.00), #c9e0f6(0.00)	arctic(0.87), wave(0.83), water transportation(0.82), ocean(0.81), sea ice(0.78), sky(0.78), water(0.78), iceberg(0.77), sea(0.76), arctic ocean(0.76)	Emmanuel Hussenet book	snow(1.00), winter(1.00), ice(0.98), frozen(0.96), sport(0.96), outdoors(0.95), nature(0.95), cold(0.95), frosty(0.93), season(0.92), mountain(0.90), glacier(0.89), horizontal(0.89), frost(0.88), travel(0.88), adventure(0.88), horizontal plane(0.85), sky(0.85), landscape(0.84), illustration(0.84)	
editions_xyz_9782892617313.jpg	Brochure(0.85), Flyer(0.85), Paper(0.85), Poster(0.85), Letter(0.74), Text(0.74), Animal(0.73), Cougar(0.73), Mammal(0.73), Puma(0.73), Wildlife(0.73), Abyssinian(0.67), Cat(0.67), Pet(0.67), Siamese(0.57), Page(0.52)	a cat with its mouth open(0.87)	576274(accentColor), White(dominantColorBackground), Black(dominantColorForeground), White(dominant), Black(dominant)	others_(0.03), text_(0.48)	animal, cat, mammal	noir(0.90), noir charbon(0.89)	couleur noir(0.90), couleur noir charbon(0.89), journal(0.70), moyen(0.70), gazette(0.66), fenêtre(0.64), écran vidéo(0.64), dispositif électronique(0.64), ordinateur(0.60), machine(0.60), presse écrite(0.60), boîte de dialogue(0.60), site Web(0.53), magazine(0.52), espace de discussion sur l'Internet(0.50)	University of Texas Medical Branch(0.17)	#9f9b97(0.20), #89b(0.18), #7a7774(0.18), #c4c2be(0.17), #f1f1ef(0.14), #585552(0.08), #383635(0.04), #757889(0.00), #595c6c(0.00), #3e404f(0.00)	cat(0.99), mammal(0.93), small to medium sized cats(0.92), cat like mammal(0.92), text(0.89), whiskers(0.88), photo caption(0.87), snout(0.74), font(0.69), carnivoran(0.59)	Nuits Blanches poster	eye(0.97), cute(0.96), cat(0.95), animal(0.94), young(0.93), looking(0.92), portrait(0.91), fur(0.90), isolated(0.89), funny(0.89), pet(0.87), desktop(0.86), no person(0.86), staring(0.85), one(0.84), whisker(0.84), nature(0.84), curiosity(0.83), hair(0.82), head(0.82)	
editions_xyz_9782892618693.jpg	Head(0.79), Face(0.62), Human(0.62), Person(0.62), Portrait(0.62), Hole(0.61), Poster(0.59), Brochure(0.57), Flyer(0.57), Paper(0.57), License(0.53), Text(0.53), Page(0.52), Letter(0.51)	a close up of a mans face(0.85)	857246(accentColor), White(dominantColorBackground), Black(dominantColorForeground), White(dominant), Black(dominant)	abstract_(0.00), others_(0.10)		noir charbon(0.99)	couleur noir charbon(0.99), personne(0.80), échographie(0.61), radiogramme(0.52), peau(0.50)	#171714(0.45), #f4f2eb(0.06), #32322e(0.17), #555651(0.13), #757570(0.10), #9a9a93(0.05), #c1c1b9(0.03)	text(0.93), chin(0.88), nose(0.87), black and white(0.84), forehead(0.75), close up(0.71), font(0.70), jaw(0.67), brand(0.60), monochrome photography(0.58)	black and white fur textile	man(0.97), portrait(0.97), people(0.97), adult(0.92), eye(0.90), monochrome(0.87), dark(0.85), horizontal(0.84), bill(0.83), business(0.82), one(0.81), isolated(0.80), person(0.79), fine-looking(0.79), desktop(0.79), blank(0.78), face(0.78), old(0.77), woman(0.77), art(0.76)	
editions_xyz_9782897720001.jpg	Glacier(0.76), Ice(0.76), Mountain(0.76), Nature(0.76), Outdoors(0.76), Snow(0.76), Soil(0.53)	a close up of a mountain(0.80)	0896C3(accentColor), Blue(dominantColorBackground), Grey(dominantColorForeground), Blue(dominant), Grey(dominant)	outdoor_(0.01)	mountain, covered, tree, snow, hydrant, man, riding	bleu(0.80), bleu vert(0.58)	couleur bleu(0.80), nature(0.78), animal(0.60), couleur bleu vert(0.58), masse de glace(0.53), glacier(0.52), lithosphère(0.52), élévation naturelle(0.50)	#289fc9(0.16), #3b7f98(0.13), #6b7b7d(0.06), #81a464(0.02), #7aebff(0.00), #1887af(0.09), #60a0b8(0.07), #8c9fa1(0.06), #22627a(0.06), #59798c(0.04)	water(0.97), nature(0.94), water resources(0.86), tree(0.76), geology(0.65), rock(0.64), organism(0.62), watercourse(0.61), sky(0.52)	Entre le chaos et I'insignifiance book by Jean Desy	no person(0.99), nature(0.98), cold(0.94), wet(0.94), outdoors(0.94), water(0.92), H2O(0.91), summer(0.90), turquoise(0.88), purity(0.87), travel(0.87), underwater(0.84), winter(0.80), bright(0.80), composure(0.79), cool(0.79), sky(0.78), horizontal(0.78), fair weather(0.78), health(0.76)	
presses_de_l_universite_de_montreal_9782760625266.jpg	Brochure(0.79), Flyer(0.79), Paper(0.79), Poster(0.79), Text(0.52)	a screenshot of a cell phone(0.68)	1496B7(accentColor), White(dominantColorBackground), White(dominantColorForeground), White(dominant)	building_doorwindows(0.10), others_(0.02), text_(0.28), text_sign(0.14)		émeraude(0.91), vert(0.91)	couleur émeraude(0.91), couleur vert(0.91), dispositif électrique(0.80), périphérique de stockage(0.78)	#285e50(0.15), #eff9f9(0.01), #4a8173(0.12), #71a499(0.12), #378471(0.09), #1b6451(0.08), #3f8460(0.08), #55a592(0.06), #63a57e(0.06), #1e6343(0.06)	text(0.93), product(0.80), product(0.80), font(0.68), pattern(0.64), brand(0.58)	La Culture De La Memoire champ postage stamp	desktop(0.95), illustration(0.94), design(0.92), abstract(0.90), pattern(0.89), art(0.88), modern(0.88), vector(0.87), decoration(0.86), color(0.85), technology(0.85), business(0.82), graphic(0.81), card(0.81), element(0.80), old(0.80), no person(0.80), symbol(0.79), picture frame(0.78), style(0.76)	
presses_de_l_universite_de_montreal_9782760627130.jpg	Building(0.74), Office Building(0.74), Corridor(0.63), Banister(0.61), Handrail(0.61), Lighting(0.61), Indoors(0.53), Interior Design(0.53), Alley(0.52), Alleyway(0.52), City(0.52), Road(0.52), Street(0.52), Town(0.52), Urban(0.52), Housing(0.51)	a bridge over a body of water(0.45)	116B92(accentColor), Black(dominantColorBackground), Black(dominantColorForeground), Black(dominant)	abstract_(0.13), abstract_shape(0.25), others_(0.01), outdoor_(0.01)	water, scene, fence, pier, photo, bridge, body, river, board, sitting, blue, standing, large, riding, white, boat, sign, man, dock, red, night	bleu(0.84), bleu pourpre(0.72)	aérogare(0.93), couleur bleu(0.84), intérieur(0.79), couleur bleu pourpre(0.72), Promenade(0.56), Quai de station de métro(0.50), quai(0.50)	24 Hours(0.18)	#93247(0.25), #185c76(0.18), #1988b7(0.14), #5a5232(0.00), #41f2f(0.19), #f0f6f7(0.00), #3c397(0.00), #969da2(0.00), #1a516e(0.06), #71419(0.05)	text(0.87), architecture(0.85), structure(0.81), fixed link(0.75), sky(0.68), water(0.67), font(0.64), energy(0.59), computer wallpaper(0.57), screenshot(0.54)	black and white car seat carrier	blur(0.97), illuminated(0.97), futuristic(0.96), perspective(0.96), connection(0.94), fast(0.94), transportation system(0.94), dark(0.94), tunnel(0.93), no person(0.92), traffic(0.91), speed(0.90), light(0.89), empty(0.89), horizontal plane(0.89), business(0.88), bright(0.88), architecture(0.88), subway system(0.87), motion(0.86)	
presses_de_l_universite_de_montreal_9782760632011.jpg	Diagram(0.90), Plan(0.90), Brochure(0.65), Flyer(0.65), Paper(0.65), Poster(0.65), Birch(0.55), Flora(0.55), Plant(0.55), Tree(0.55)	a screenshot of a cell phone(0.83)	A32F28(accentColor), White(dominantColorBackground), White(dominantColorForeground), White(dominant), Grey(dominant)	others_(0.19), outdoor_(0.00)		noir(0.85), noir charbon(0.70)	couleur noir(0.85), couleur noir charbon(0.70), radiogramme(0.64), presse écrite(0.60), journal(0.59), moyen(0.59), autoradiogramme(0.59), gazette(0.58), porte(0.57), barrière(0.57), carte(0.55), porte de voiture(0.50), porte moustiquaire(0.50)	The Open Door.(0.90), The Open Door. by William Henry Fox Talbot(0.84), The Open Door(0.83), The Open Door by William Henry Fox Talbot(0.19)	#54524d(0.36), #eeebe9(0.25), #c7c4c2(0.09), #767470(0.08), #403e3a(0.08), #9f9e9b(0.07), #dbbbbb(0.04), #f9dcdc(0.02), #c09e9f(0.01), #242321(0.00)	text(0.95), history(0.84), structure(0.82), black and white(0.82), design(0.69), font(0.68), line(0.65), angle(0.58), paper(0.53), pattern(0.52)	white and black floral textile	people(0.98), adult(0.92), desktop(0.92), man(0.92), old(0.90), art(0.89), vintage(0.88), retro(0.87), illustration(0.87), no person(0.87), abstract(0.85), bill(0.84), one(0.84), design(0.83), picture frame(0.82), texture(0.80), wall(0.80), text(0.78), dirty(0.78), business(0.77)	
presses_de_l_universite_de_montreal_9782760634763.jpg	Diagram(0.84), Brochure(0.84), Flyer(0.84), Paper(0.84), Poster(0.84), Label(0.64), Text(0.64), Human(0.51), People(0.51), Person(0.51)	a screenshot of a video game in a room(0.30)	B31828(accentColor), White(dominantColorBackground), White(dominantColorForeground), White(dominant)	others_(0.00), text_(0.33)	room	rouge orangé(0.87), jaune citron(0.63)	couleur rouge orangé(0.87), figure(0.73), crayon(0.67), couleur jaune citron(0.63), outil d'écriture(0.60), drapeau(0.60), triangle(0.52), polygone(0.52), machine(0.50), site Web(0.50), ordinateur(0.50), papier(0.50)	#d3e6d4(0.26), #d79823(0.05), #677952(0.02), #c19c3e(0.02), #a56c7(0.01), #a2193e(0.01), #3f321f(0.01), #d05419(0.01), #c29699(0.01), #88374a(0.00)	text(0.95), line(0.78), design(0.75), font(0.70), area(0.67), human behavior(0.64), product(0.64), pattern(0.63), clip art(0.62), illustration(0.62)	red and black car seat carrier	illustration(0.99), vector(0.98), no person(0.96), child(0.92), graphic design(0.91), man(0.88), design(0.88), sketch(0.87), people(0.87), vectors(0.87), winter(0.87), retro(0.86), woman(0.86), banner(0.85), celebration(0.85), fun(0.85), love(0.85), cute(0.84), desktop(0.83), business(0.83)	
presses_de_l_universite_de_montreal_9782760636989.jpg	Letter(0.76), Text(0.76), Word(0.66), Handwriting(0.59), Brochure(0.51), Flyer(0.51), Paper(0.51), Poster(0.51), Page(0.51)	a close up of text on a white background(0.72)	1F75AC(accentColor), Teal(dominantColorBackground), White(dominantColorForeground), White(dominant), Teal(dominant)	abstract_(0.00), others_(0.01), outdoor_(0.01)	text	bleu d'outremer(0.88), bleu(0.86)	couleur bleu d'outremer(0.88), couleur bleu(0.86), papier cadeau(0.70), enveloppe(0.69), document écrit(0.68), tissu(0.60), Tampax(0.50), fiche(0.50)	#faf9ea(0.49), #6bb0d4(0.02), #373530(0.01), #f6f5e2(0.27), #c6c3b2(0.08), #c7c4b8(0.03), #6fb2d9(0.02), #a09d92(0.02), #79bde2(0.01), #78bce3(0.01)	text(0.97), blue(0.97), font(0.92), pattern(0.73), line(0.72), design(0.69), area(0.67), number(0.66), material(0.61), product(0.60)	error_timeout	pattern(0.96), desktop(0.96), illustration(0.95), abstract(0.95), design(0.93), texture(0.92), graphic(0.89), puzzle(0.88), wallpaper(0.87), vector(0.86), decoration(0.86), text(0.84), art(0.84), business(0.84), paper(0.83), background(0.83), symbol(0.81), element(0.79), no person(0.79), shape(0.78)	
presses_de_l_universite_de_montreal_9782760638921.jpg	Diploma(0.82), Document(0.82), Text(0.82), Letter(0.73), License(0.66), Page(0.51), Label(0.51)	a close up of text on a white background(0.80)	4C634C(accentColor), White(dominantColorBackground), White(dominantColorForeground), White(dominant)	others_(0.01), text_(0.53), text_menu(0.22)	text	gris(0.94)	couleur gris(0.94), document écrit(0.82), ordinateur(0.80), presse écrite(0.80), fenêtre(0.69), écran vidéo(0.69), dispositif électronique(0.69), papier(0.50)	United Way Toronto(0.30)	#e7ebe8(0.33), #9a9f9b(0.30), #bec2bf(0.30), #7b807c(0.06), #5e605d(0.00)	text(0.96), font(0.87), line(0.77), product(0.71), area(0.67), paper(0.65), design(0.65), material(0.65), pattern(0.64), document(0.58)	Plura Lismes poster	no person(0.99), wallpaper(0.94), simplicity(0.94), design(0.91), creativity(0.91), pattern(0.91), geometric(0.90), horizontal(0.89), paper(0.89), illustration(0.88), square(0.88), graphic design(0.87), stripe(0.86), contemporary(0.86), abstract(0.84), retro(0.84), grid(0.82), elegant(0.81), business(0.81), empty(0.81)	
quebec_amerique_9782764409619.jpg	Brochure(0.92), Flyer(0.92), Paper(0.92), Poster(0.92), Envelope(0.56), Greeting Card(0.56), Mail(0.56)	a close up of text on a black background(0.63)	089E4B(accentColor), Red(dominantColorBackground), Yellow(dominantColorForeground), Red(dominant), Yellow(dominant), Orange(dominant)	abstract_nonphoto(0.29), abstract_shape(0.11), others_(0.01), outdoor_(0.00)	text	bleu d'outremer(0.95)	couleur bleu d'outremer(0.95), bande dessinée(0.87), magazine(0.87), presse écrite(0.80), outil(0.80), arme(0.80)	#e04d25(0.14), #f3ac32(0.06), #cc8a39(0.04), #272c69(0.03), #f3f4f3(0.02), #35479a(0.02), #f1216(0.01), #535557(0.01), #eeb9a5(0.00), #4a2514(0.00)	cartoon(0.96), comics(0.95), comic book(0.88), text(0.87), advertising(0.83), poster(0.82), fiction(0.81), fictional character(0.75), graphic design(0.72), illustration(0.69)	car superhero illustration	illustration(0.99), sketch(0.97), vector(0.97), art(0.96), retro(0.93), animal(0.92), fun(0.91), no person(0.89), funny(0.88), man(0.88), humor(0.87), outdoors(0.87), graphic(0.87), monster(0.87), fantasy(0.85), design(0.85), visuals(0.83), nature(0.82), graphic design(0.82), Halloween(0.81)	
quebec_amerique_9782764411407.jpg	Brochure(0.80), Flyer(0.80), Paper(0.80), Poster(0.80), Label(0.55), Text(0.55), Dish(0.51), Food(0.51), Meal(0.51), Plate(0.51), Envelope(0.51), Greeting Card(0.51), Mail(0.51)	a close up of a book(0.55)	770137(accentColor), White(dominantColorBackground), White(dominantColorForeground), White(dominant)	others_(0.02)	text, book	gris cendré(0.79)	ustensile(0.91), couleur gris cendré(0.79), spatule(0.66), couvert(0.63), outil(0.63), vaisselle de table(0.62), fourchette de table(0.62), couteau de table(0.61), couteau(0.61), vaisselle(0.50)	Equine Warehouse Clonmel(0.16)	#621233(0.27), #f8e8cd(0.07), #eabca4(0.04), #faa83f(0.02), #667e3a(0.01), #74a37(0.09), #faf3f4(0.06), #dfc5a9(0.04), #e4b9ce(0.03), #7f3957(0.03)	text(0.87), food(0.86), tableware(0.84), product(0.82), fork(0.79), meal(0.78), cutlery(0.74), cuisine(0.69), line(0.66), font(0.65)	white and red floral print ceramic mug	fork(0.99), spoon(0.97), cooking(0.96), dining(0.96), food(0.96), knife(0.96), restaurant(0.95), dinner(0.95), illustration(0.94), meal(0.93), silverware(0.93), lunch(0.93), dishware(0.91), isolate(0.90), desktop(0.88), utensil(0.87), breakfast(0.87), cutlery(0.87), health(0.86), healthy(0.84)	
quebec_amerique_9782764412541.jpg	Human(0.99), Person(0.99), People(0.99), Art(0.89), Painting(0.89), Brochure(0.88), Flyer(0.88), Paper(0.88), Poster(0.88), Drawing(0.71), Ornament(0.67), Tapestry(0.67), Collage(0.54), Cushion(0.51), Home Decor(0.51)	a book on a table(0.37)	B8A113(accentColor), Yellow(dominantColorBackground), Brown(dominantColorForeground), Yellow(dominant), Brown(dominant)	others_(0.00)	text, book, table, photo, old, filled, girl, wearing, man, covered, large, birthday, holding, refrigerator, plate, horse, standing, elephant	rouge indien(0.82), rouge orangé(0.54)	magazine(0.96), bande dessinée(0.89), couleur rouge indien(0.82), presse écrite(0.80), magazine pulp(0.71), couleur rouge orangé(0.54), couverture de livre(0.50), papier cadeau(0.50)	#e9b264(0.21), #8a3b37(0.03), #edc170(0.14), #e9c281(0.09), #d29b51(0.06), #ca935d(0.06), #e8b47c(0.05), #fddc9b(0.04), #d2c1a2(0.03), #a66e41(0.03)	art(0.85), poster(0.85), advertising(0.69), fiction(0.62), illustration(0.61), mythology(0.50)	Picotine et le Prince des Vents by Linda Wilscam book cover	illustration(0.99), art(0.98), painting(0.97), people(0.94), religion(0.93), artistic(0.92), antique(0.91), graffiti(0.90), retro(0.90), old(0.89), print(0.89), text(0.89), woman(0.87), no person(0.87), culture(0.86), vintage(0.86), ancient(0.85), creativity(0.84), paper(0.84), traditional(0.83)	
quebec_amerique_9782764417140.jpg	Human(0.99), Person(0.99), People(0.99), Poster(0.89), Art(0.74), Brochure(0.60), Flyer(0.60), Paper(0.60), Collage(0.52)	a close up of a book(0.51)	AD891E(accentColor), Yellow(dominantColorBackground), Yellow(dominantColorForeground), Yellow(dominant)		text, book, photo, sitting, table, old, black, computer, stuffed, bird, bear	albâtre(0.87)	couleur albâtre(0.87), magazine(0.81), magazine pulp(0.81), presse écrite(0.80), intérieur(0.78), Atelier d'artiste(0.63), peinture(0.55), galerie d'art(0.50)	#e4c142(0.27), #5e5335(0.01), #ddbd58(0.22), #e0bf84(0.06), #c3a243(0.06), #fae0a5(0.04), #eab988(0.04), #fae3be(0.04), #c79461(0.03), #c7c254(0.03)	art(0.88), poster(0.77), illustration(0.64), organism(0.62), fiction(0.61), watercolor paint(0.53), advertising(0.52)	Jean-Francois Beauchemin Mon Pere Est Une Chaise book	painting(0.99), art(0.99), illustration(0.99), vintage(0.97), retro(0.97), antique(0.97), old(0.96), ancient(0.94), religion(0.92), man(0.92), people(0.90), paper(0.89), symbol(0.84), artistic(0.84), god(0.84), print(0.84), color(0.82), visuals(0.81), image(0.81), letter(0.80)	
quebec_amerique_9782764417751.jpg	Automobile(0.96), Car(0.96), Transportation(0.96), Vehicle(0.96), Limo(0.75), Sedan(0.72), Coupe(0.62), Sports Car(0.62), Convertible(0.51), Bumper(0.51)	a car parked in a parking lot(0.80)	2B89A0(accentColor), Teal(dominantColorBackground), Black(dominantColorForeground), Teal(dominant)	others_(0.01), outdoor_(0.02)	car, parked, sitting, front, parking, old, small, street, side, lot, bed, green, truck, sign, standing, driving, luggage, meter, suitcase, blue	vert olive(0.82)	couleur vert olive(0.82), véhicule(0.78), voiture(0.77), véhicule sur roues(0.77), voiture décapotable(0.77), bateau(0.59), profil aérodynamique (avion)(0.51), aileron (d'automobile)(0.51), torpille(0.50), engin explosif(0.50)	#439eb2(0.55), #9f9f52(0.06), #bbf5ee(0.02), #405362(0.01), #7d7a42(0.01), #2f8ea2(0.13), #cac97d(0.05), #72a69f(0.02), #4e8179(0.01), #91cac2(0.01)	motor vehicle(0.98), car(0.97), mode of transport(0.88), vehicle(0.86), vehicle door(0.84), automotive design(0.84), sky(0.82), advertising(0.79), full size car(0.75), automotive exterior(0.70)	Comme Un Intrus by Jean Chabonneau book	no person(0.97), car(0.97), vehicle(0.96), transportation system(0.96), retro(0.92), travel(0.83), vintage(0.81), outdoors(0.80), one(0.80), road(0.79), sky(0.76), old(0.75), light(0.75), classic(0.74), empty(0.73), people(0.71), traffic(0.71), street(0.69), dirty(0.69), asphalt(0.67)	
quebec_amerique_9782764418413.jpg	Human(0.98), Person(0.98), People(0.98), Poster(0.94), Birthday Cake(0.87), Cake(0.87), Dessert(0.87), Food(0.87), Doll(0.77), Toy(0.77), Brochure(0.76), Flyer(0.76), Paper(0.76), Chair(0.52), Furniture(0.52), Face(0.51), Cushion(0.51), Home Decor(0.51)	a close up of a person(0.28)	8D183C(accentColor), White(dominantColorBackground), Red(dominantColorForeground)	others_(0.02), outdoor_(0.00)	sitting, photo, table, holding, computer, food, man, room	rouge orangé(1.00)	couleur rouge orangé(1.00), nutrition(0.62), aliment(0.62), gourmandise(0.61), bonbon(0.61), sucré(0.61), instrument de musique(0.60), tirelire(0.59), puzzle(0.55), bonbon croquant(0.53), porcelaine(0.51), ustensile(0.51), épingle(0.51), moyen d'assemblage(0.51), retenue (chaînes)(0.51), barrette (épingle à cheveux)(0.51), sucette(0.50)	#dc2d24(0.08), #a31d3d(0.04), #efb180(0.03), #886b9b(0.03), #a9681f(0.02), #3e331f(0.02), #f7ae38(0.01), #73e6a(0.01), #b5b70(0.01), #b8178(0.00)	graphics(0.61), graphic design(0.59), illustration(0.55), recreation(0.54), font(0.51)	Je Suis Louna text	illustration(1.00), vector(0.98), celebration(0.98), sketch(0.96), gift(0.96), happiness(0.93), decoration(0.93), Christmas(0.93), child(0.92), cheerful(0.90), greeting(0.89), fun(0.89), card(0.88), design(0.88), animal(0.88), party(0.86), winter(0.85), cute(0.84), desktop(0.84), season(0.84)	
quebec_amerique_9782764419007.jpg	Poster(0.97), Brochure(0.96), Flyer(0.96), Paper(0.96)	a close up of a sign(0.74)	B1951A(accentColor), Black(dominantColorBackground), Yellow(dominantColorForeground), Black(dominant), Yellow(dominant)	others_(0.00), outdoor_(0.00)	sign	supplément en(0.60), vert olive(0.56)	magazine(0.66), supplément en couleur(0.60), presse écrite(0.60), journal(0.56), moyen(0.56), gazette(0.56), couleur vert olive(0.56), pochette de disque(0.51), pochette(0.51), couverture de livre(0.51), papier cadeau(0.51), site Web(0.50), ordinateur(0.50), machine(0.50)	20 Minutes(0.21), True Crime (1999)(0.18)	#debf5e(0.17), #5d5336(0.12), #b0995b(0.11), #8b763f(0.10), #ba9b44(0.07), #665523(0.07), #7f7151(0.06), #d5bd7c(0.05), #41381d(0.04), #aa9875(0.02)	yellow(0.94), text(0.93), poster(0.85), advertising(0.74), font(0.66), graphic design(0.56)	white and red floral textile	illustration(0.99), people(0.98), horizontal(0.97), outdoors(0.93), man(0.93), adult(0.91), horizontal plane(0.91), art(0.90), text(0.86), crowd(0.86), architecture(0.82), woman(0.80), print(0.79), travel(0.79), no person(0.77), bill(0.75), symbol(0.74), old(0.74), painting(0.74), child(0.74)	
quebec_amerique_9782764419618.jpg	Brochure(0.91), Flyer(0.91), Paper(0.91), Poster(0.91), Text(0.60), Label(0.53)	a close up of text on a white background(0.89)	048CC7(accentColor), Red(dominantColorBackground), White(dominantColorForeground), Red(dominant), White(dominant)	others_(0.01), text_sign(0.55)	text	rouge orangé(0.57), rouge foncé(0.52)	périphérique de stockage(0.60), presse écrite(0.60), couleur rouge orangé(0.57), dictionnaire de bureau(0.56), lexique(0.54), couleur rouge foncé(0.52), machine(0.50), ordinateur(0.50), site Web(0.50)	Cima+(0.16)	#a41f1c(0.30), #190cc(0.27), #fdfafa(0.08), #be5e44(0.07), #d29263(0.03), #d49b9c(0.02), #08ac9(0.05), #bc6364(0.04), #45aad4(0.03), #9500(0.02)	text(0.96), font(0.85), product(0.78), line(0.76), product(0.75), area(0.67), brand(0.58)	Dr. Robert Patenaude poster	illustration(0.96), business(0.95), graphic(0.95), template(0.93), text(0.92), designing(0.92), World Wide Web(0.92), conceptual(0.92), procedure(0.91), internet(0.91), facts(0.90), symbol(0.90), design(0.90), vector(0.88), no person(0.87), banner(0.87), vectors(0.87), option(0.87), desktop(0.87), graphic design(0.87)	
quebec_amerique_9782764420331.jpg	Human(0.99), Person(0.99), People(0.99), Brochure(0.97), Flyer(0.97), Paper(0.97), Poster(0.97)	a close up of a book(0.41)	C78504(accentColor), Yellow(dominantColorBackground), Brown(dominantColorForeground), Yellow(dominant), Orange(dominant)	text_mag(0.94)	text, book, sign	supplément en(0.51), rouge indien(0.82), orange(0.75)	magazine(0.90), couleur rouge indien(0.82), presse écrite(0.80), couleur orange(0.75), magazine de luxe(0.68), magazine d'actualités(0.51), supplément en couleur(0.51), magazine pulp(0.50)	New Mexico Gas Company(0.17)	#9a651(0.16), #a0211e(0.09), #6c1ba(0.06), #f0c86f(0.06), #37114(0.03), #c93f1e(0.01), #5ad694(0.01), #deb7a1(0.01), #a7f3d0(0.00), #6e726a(0.00)	text(0.86), poster(0.86), forehead(0.72), advertising(0.68), human behavior(0.64), font(0.61), film(0.61), photo caption(0.55), facial hair(0.54), smile(0.52)	Moi, Noemi es Les Autres book	man(0.92), people(0.90), fun(0.86), woman(0.82), horizontal(0.77), achievement(0.76), adult(0.75), young(0.73), adolescent(0.73), danger(0.73), paper(0.71), funny(0.70), child(0.70), vacation(0.68), joy(0.68), relaxation(0.68), fashion(0.68), text(0.65), portrait(0.64), old(0.63)	
quebec_amerique_9782764421246.jpg	Glacier(0.99), Ice(0.99), Mountain(0.99), Nature(0.99), Outdoors(0.99), Snow(0.99)	a pile of snow(0.72)	0886BF(accentColor), Grey(dominantColorBackground), Grey(dominantColorForeground), Grey(dominant), White(dominant)	abstract_nonphoto(0.28)	nature, snow, sitting, covered, skiing, bird, sign, man, mountain, pile, large, standing, bed, street, slope, riding, people	vert jade(0.82), bleu(0.79)	masse de glace(0.98), nature(0.98), glacier(0.94), couleur vert jade(0.82), couleur bleu(0.79), glacier polaire(0.50), Plate-forme glaciaire(0.50)	#8ca0a3(0.53), #f1f2e8(0.09), #6e8086(0.11), #86a3a5(0.10), #adbdbb(0.05), #677c8a(0.03), #49595f(0.02), #435664(0.02), #829aa7(0.01), #2b3c4b(0.01)	glacier(0.90), glacial landform(0.87), arctic(0.78), ice cap(0.78), polar ice cap(0.77), geological phenomenon(0.75), mountain range(0.71), nunatak(0.67), ice(0.67), cirque(0.65)	Le Glacier book by Marc Laberge	outdoors(0.99), snow(0.98), ice(0.97), no person(0.96), horizontal(0.96), nature(0.96), melting(0.95), winter(0.95), horizontal plane(0.94), glacier(0.94), global warming(0.91), frosty(0.91), climate change(0.88), travel(0.86), frozen(0.86), landscape(0.85), environment(0.83), adventure(0.81), iceberg(0.81), sky(0.81)	
quebec_amerique_9782764422786.jpg	Human(0.99), Person(0.99), People(0.99), Poster(0.95), Brochure(0.92), Flyer(0.92), Paper(0.92), Sport(0.52), Sports(0.52), Swimming(0.52), Water(0.52), Nature(0.51), Ocean(0.51), Outdoors(0.51), Sea(0.51)	a drawing of a person(0.51)	046D99(accentColor), White(dominantColorBackground), White(dominantColorForeground), White(dominant), Blue(dominant)	others_(0.02), outdoor_(0.00), text_sign(0.41)	drawing, shirt	azur(0.93), bleu(0.79)	négatif(0.96), pellicule photographique(0.96), matériel photographique(0.96), couleur azur(0.93), personne(0.79), couleur bleu(0.79)	#d538c(0.14), #25a5d9(0.13), #779c1(0.10), #c7e5f8(0.07), #92d1ed(0.06), #58e7d(0.02), #49460(0.00), #d7bb9(0.08), #75da5(0.08), #e89be(0.04)	text(0.90), poster(0.83), art(0.66), advertising(0.63), font(0.60), graphic design(0.59), illustration(0.56), graphics(0.54), watercolor paint(0.53)	Elyse Pourdrier painting	people(0.95), paper(0.94), illustration(0.92), horizontal(0.87), retro(0.87), creativity(0.86), woman(0.85), art(0.85), man(0.85), business(0.85), adult(0.83), identity(0.78), indoors(0.78), vertical(0.77), dirty(0.77), artistic(0.76), messy(0.71), winter(0.71), portrait(0.69), wet(0.68)	
quebec_amerique_9782764424018.jpg	Crowd(0.58), Festival(0.58), Human(0.58), Person(0.58), Brochure(0.51), Flyer(0.51), Paper(0.51), Poster(0.51)	a group of people flying kites in the air(0.33)	C10A28(accentColor), White(dominantColorBackground), White(dominantColorForeground), White(dominant)	others_(0.01), people_baby(0.64)	outdoor, sign, large, flying, kite, air, sitting, bunch, red, airplane, man, standing, people, holding, field, group, bird, propeller, street, city, parked, blue	azur(0.95), rose(0.76)	couleur azur(0.95), couleur rose(0.76), aliment(0.60), presse écrite(0.59), cellule(0.58), cellule falciforme(0.57), punaise(0.55), moyen d'assemblage(0.55), retenue (chaînes)(0.55), terrain de sport(0.52), jeu athlétique(0.52), sport(0.52), micro-organisme(0.51), casse-tête, puzzle(0.51), paramécie (organisme)(0.50), lame de rasoir(0.50), outil(0.50)	Freewavz(0.38)	#e0e4ef(0.32), #462945(0.01), #b88c84(0.01), #946e73(0.01), #d0ddee(0.20), #bdcbe0(0.20), #89a1bd(0.11), #cacfdb(0.04), #86718d(0.01), #727991(0.01)	sky(0.93), cloud(0.83), air travel(0.76), daytime(0.75), font(0.71), heart(0.64), windsports(0.62), air sports(0.58), love(0.57), computer wallpaper(0.52)	La Lumiere Blanche book by Anique Poitras	no person(0.96), sky(0.95), outdoors(0.93), nature(0.91), love(0.90), horizontal(0.89), freedom(0.87), fun(0.86), celebration(0.83), romance(0.83), illustration(0.82), summer(0.81), fair weather(0.79), cloud(0.79), bright(0.78), art(0.78), wind(0.77), symbol(0.77), paper(0.76), togetherness(0.76)	
quebec_amerique_9782764425350.jpg	Human(0.99), Person(0.99), People(0.99), Blackboard(0.96), Brochure(0.81), Flyer(0.81), Paper(0.81), Poster(0.81), Female(0.72), Dragon(0.65), Comics(0.59), Art(0.57), Modern Art(0.54)	a group of people looking at a book(0.29)	B27819(accentColor), Brown(dominantColorBackground), Brown(dominantColorForeground), Brown(dominant), Black(dominant)	outdoor_(0.00)	text, book, photo, man, table, woman, young, people, covered, standing, many, display, group, store, riding, city, street, sign	rouge indien(0.83), brun rouge(0.56)	personne(0.99), gens(0.91), couleur rouge indien(0.83), presse écrite(0.80), magazine(0.80), bande dessinée(0.65), couleur brun rouge(0.56), magazine pulp(0.50)	#3b3239(0.12), #8b9bb7(0.09), #512c1e(0.05), #a76640(0.04), #923d26(0.02), #c6c2a2(0.01), #ca4e29(0.00), #6f7991(0.07), #4c5469(0.06), #585158(0.06)	poster(0.84), pc game(0.75), film(0.70), advertising(0.59), action film(0.56), album cover(0.54), fiction(0.53)	Le Cycle de Varrandinn book	illustration(0.98), people(0.98), man(0.93), adult(0.93), art(0.92), religion(0.90), vertical(0.90), indoors(0.89), woman(0.89), music(0.87), bill(0.84), spirituality(0.82), dancing(0.79), celebration(0.79), horizontal(0.76), Messiah(0.73), Gothic(0.73), sword(0.71), party(0.69), Mary(0.67)	
quebec_amerique_9782764426593.jpg	Human(0.99), People(0.99), Person(0.99), Clothing(0.54), Gown(0.54), Robe(0.54), Dress(0.52)	a woman in a yellow dress(0.94)	AC921F(accentColor), White(dominantColorBackground), White(dominantColorForeground), White(dominant), Brown(dominant)	abstract_(0.00), others_(0.01), outdoor_(0.00)	person, indoor, yellow, woman, standing, looking, holding, girl, front, young, dress, table, wearing, cake, room, shirt, man, white, people, kitchen	jaune citron(0.99)	couleur jaune citron(0.99), personne(0.86), femelle(0.82), femme(0.82), femme qui attend un bébé(0.81), habillement(0.80), ventre(0.51), forme convexe(0.51), ouvrier(0.50), agent d'entretien(0.50), manoeuvre(0.50)	#967624(0.12), #fdfcf9(0.09), #684635(0.06), #906732(0.03), #201613(0.02), #b79836(0.10), #d6bf54(0.07), #d3bc40(0.06), #4f3326(0.05), #d1c75f(0.04)	yellow(0.95), sitting(0.85), standing(0.80), dress(0.78), girl(0.78), happiness(0.68), font(0.59), abdomen(0.51)	La Serveuse Du Cafe Cherrier book	woman(0.98), indoors(0.97), outdoors(0.96), people(0.94), relaxation(0.92), horizontal(0.91), summer(0.90), fair weather(0.90), child(0.89), adult(0.89), pretty(0.87), young(0.86), adolescent(0.85), nature(0.85), family(0.84), health(0.83), leisure(0.83), fashion(0.83), sit(0.82), looking(0.82)	
quebec_amerique_9782764427927.jpg	Human(0.98), Person(0.98), People(0.98), Art(0.98), Painting(0.98), Poster(0.93), Ankle(0.76), Brochure(0.66), Flyer(0.66), Paper(0.66), Dirt Road(0.53), Gravel(0.53), Road(0.53), Clothing(0.53), Footwear(0.53), Bling(0.52), Jewelry(0.52), Ornament(0.52), Apparel(0.51), Lingerie(0.51), Underwear(0.51)	a woman taking a selfie(0.57)	714932(accentColor), Grey(dominantColorBackground), Brown(dominantColorForeground), Grey(dominant), Brown(dominant)	text_mag(0.98)	person, woman, girl, beautiful, young, holding, standing, lady, wearing, phone, playing, bear, board, white, water	rouge orangé(0.82), brun clair(0.79)	magazine(0.95), magazine de luxe(0.88), couleur rouge orangé(0.82), presse écrite(0.80), habillement(0.80), couleur brun clair(0.79), magazine d'actualités(0.50)	#847763(0.14), #7e776d(0.12), #a69881(0.11), #9d9a8e(0.10), #605440(0.07), #3f3222(0.06), #cbbda2(0.06), #bfc1b4(0.06), #5a534b(0.06), #3a322a(0.06)	poster(0.87), leg(0.83), advertising(0.67), human leg(0.57), painting(0.56)	Amblystome poste	woman(0.99), outdoors(0.98), relaxation(0.98), people(0.98), horizontal(0.97), adult(0.97), water(0.96), bikini(0.95), swimming(0.95), sand(0.94), barefoot(0.93), summer(0.92), beach(0.91), fair weather(0.91), H2O(0.91), wet(0.89), nude(0.89), sea(0.87), vertical(0.87), illustration(0.87)	
quebec_amerique_9782764430316.jpg	Human(0.99), People(0.99), Person(0.99), Clothing(0.91), Coat(0.91), Overcoat(0.91), Suit(0.91), Audience(0.68), Crowd(0.68), Speech(0.68), Face(0.67), Portrait(0.67), Tuxedo(0.61), Military(0.57), Military Uniform(0.57), Officer(0.57), Brochure(0.51), Flyer(0.51), Paper(0.51), Poster(0.51)	a person wearing a suit and tie(0.97)	9B7C30(accentColor), Blue(dominantColorBackground), Blue(dominantColorForeground), Blue(dominant)	others_(0.00), outdoor_(0.01)	person, man, suit, photo, standing, posing, wearing, woman, old, military, front, holding, black, dressed, uniform, cutting, statue, display, cake, cut, sign, table, large, people, group, hat, snow, white	bleu d'outremer(0.84), bleu(0.66)	couleur bleu d'outremer(0.84), personne(0.83), presse écrite(0.80), attaché militaire(0.78), couleur bleu(0.66), magazine(0.52), magazine d'actualités(0.51), officier militaire(0.50), milicien(0.50)	#f3562(0.46), #615133(0.08), #7f99bc(0.04), #1393(0.02), #eaf4fa(0.01), #264e7d(0.05), #3e331a(0.05), #5777a4(0.04), #6b5429(0.03), #627ea3(0.03)	gentleman(0.85), poster(0.84), album cover(0.67), human behavior(0.61), film(0.60), font(0.56), advertising(0.52)	Jacques Parizeau Tome II Le Baron book	people(0.98), man(0.94), adult(0.91), business(0.90), leader(0.88), administration(0.87), horizontal(0.81), science(0.80), indoors(0.79), portrait(0.77), politician(0.75), chair(0.75), technology(0.74), retro(0.73), communication(0.72), group(0.68), election(0.67), two(0.65), offense(0.65), office(0.63)	
quebec_amerique_9782764432327.jpg	Human(0.99), Person(0.99), People(0.99), Hair(0.60), Haircut(0.60), Brochure(0.60), Flyer(0.60), Paper(0.60), Poster(0.60), Face(0.59), Portrait(0.59), Head(0.55), Dimples(0.51), Page(0.51), Text(0.51)	a screen shot of a social media post(0.69)	A02B46(accentColor), White(dominantColorBackground), White(dominantColorForeground), White(dominant)	others_(0.00), text_mag(0.79)	text, sitting, white, old, screen	albâtre(1.00)	couleur albâtre(1.00), structure(0.96), structure de soutien(0.96), cadre photo(0.88), presse écrite(0.80), cadre(0.74), journal(0.63), moyen(0.63), gazette(0.50)	Eugenia Mart\303\255nez Vallejo, desnuda(0.23)	#eeeceb(0.49), #d8c4aa(0.09), #1a1512(0.05), #956c76(0.02), #c9c7c6(0.08), #e9dbc7(0.03), #35312d(0.03), #9d9b9b(0.03), #3d2d1c(0.02), #fcdfe8(0.02)	picture frame(0.73), photo caption(0.58), font(0.56), album cover(0.50)	Le Coeur Gros frame	woman(0.93), people(0.92), indoors(0.91), desktop(0.91), girl(0.88), young(0.87), picture frame(0.87), portrait(0.87), adult(0.86), person(0.86), beautiful(0.86), business(0.85), window(0.84), model(0.84), retro(0.82), glamour(0.82), one(0.81), fashion(0.81), isolated(0.79), attractive(0.77)	
quebec_amerique_9782764435267.jpg	Human(0.99), People(0.99), Person(0.99), Poster(0.96), Brochure(0.84), Flyer(0.84), Paper(0.84), Beard(0.80), Head(0.55), Face(0.54), Portrait(0.54)	a person holding a sign posing for the camera(0.55)	7E0F13(accentColor), Red(dominantColorBackground), Red(dominantColorForeground), Red(dominant), Brown(dominant)	abstract_(0.00), others_(0.00)	person, man, holding, photo, standing, front, sitting, woman, sign, posing, racket, dark, girl, player, wearing, red, young, white, room, people, ball, playing, court, riding	rouge foncé(0.97)	couleur rouge foncé(0.97), chambre noire(0.72), intérieur(0.72), musicien(0.72), artiste de spectacle(0.72), personne(0.72), claviériste(0.72), presse écrite(0.60), habillement(0.59), instrument de musique(0.59), gens(0.50)	Minerals Council of Australia(0.18)	#e41c25(0.24), #3889(0.17), #a91d21(0.09), #c94c56(0.03), #dc8584(0.01), #faf2d7(0.00), #efb7ac(0.00), #416a(0.17), #2e78(0.06), #d22432(0.04)	red(0.95), poster(0.88), text(0.87), album cover(0.85), film(0.73), love(0.67), font(0.58), romance(0.56), flesh(0.53), photo caption(0.51)	red and white floral textile	music(0.99), people(0.98), performance(0.96), adult(0.96), musician(0.95), woman(0.95), singer(0.94), concert(0.93), man(0.92), festival(0.91), indoors(0.90), wear(0.90), horizontal(0.87), stage(0.87), portrait(0.87), dancing(0.87), recreation(0.87), blur(0.85), outdoors(0.84), movie(0.83)	
